# r,k_smooth_cycles_per_km
1.178260564116906753e+05,1.294172375202179981e-01
1.178268794671067444e+05,1.292664259916928293e-01
1.178277025225227990e+05,1.291156144631676606e-01
1.178285255780206062e+05,1.289899381893966912e-01
1.178293486333549372e+05,1.288307482426201411e-01
1.178301716886892682e+05,1.286548014593407729e-01
1.178309947441870754e+05,1.284788546760614047e-01
1.178318177996848535e+05,1.283950704935474529e-01
1.178326408551826607e+05,1.282442589650222842e-01
1.178334639106804534e+05,1.280934474364971154e-01
1.178342869661782461e+05,1.279677711627261461e-01
1.178351100213491300e+05,1.278085812159495960e-01
1.178359330768469081e+05,1.278504733072065858e-01
1.178367561323447153e+05,1.277164186151842074e-01
1.178375791878425080e+05,1.276912833604300079e-01
1.178384022433403006e+05,1.277331754516869977e-01
1.178392252988381078e+05,1.275656070866590386e-01
1.178400483543358860e+05,1.274985797406478771e-01
1.178408714098336932e+05,1.273729034668769078e-01
1.178416944653315004e+05,1.273058761208657186e-01
1.178425175201754319e+05,1.273058761208657186e-01
1.178433405756732391e+05,1.272137135201003300e-01
1.178441636311710172e+05,1.272137135201003300e-01
1.178449866866688244e+05,1.272137135201003300e-01
1.178458097428204783e+05,1.271466861740891408e-01
1.178466327976644097e+05,1.271131725010835600e-01
1.178474558525083703e+05,1.271550645923405498e-01
1.178482789086600096e+05,1.271634430105919589e-01
1.178491019648116489e+05,1.270712804098265702e-01
1.178499250196556095e+05,1.270461451550723708e-01
1.178507480744995410e+05,1.270461451550723708e-01
1.178515711306511948e+05,1.270461451550723986e-01
1.178523941854951408e+05,1.270461451550723986e-01
1.178532172403390869e+05,1.270210099003181992e-01
1.178540402964907407e+05,1.270629019915751889e-01
1.178548633526423801e+05,1.270629019915751889e-01
1.178556864074863261e+05,1.270377667368209895e-01
1.178565094623302721e+05,1.270796588280779793e-01
1.178573325184819114e+05,1.271215509193349691e-01
1.178581555746335653e+05,1.271215509193349691e-01
1.178589786294775113e+05,1.271299293375863781e-01
1.178598016843214573e+05,1.271131725010835600e-01
1.178606247404731112e+05,1.273477682121227084e-01
1.178614477953170426e+05,1.273226329573685089e-01
1.178622708501610032e+05,1.273226329573685089e-01
1.178630939063126425e+05,1.273896603033796981e-01
1.178639169624642818e+05,1.273896603033796981e-01
1.178647400173082424e+05,1.273310113756198902e-01
1.178655630721521738e+05,1.273058761208657186e-01
1.178663861283038277e+05,1.274147955581338976e-01
1.178672091844554816e+05,1.274147955581338976e-01
1.178680322406071209e+05,1.273896603033796981e-01
1.178688552967587602e+05,1.273896603033796981e-01
1.178696783502950129e+05,1.274650660676422687e-01
1.178705014038312656e+05,1.274650660676422687e-01
1.178713244599829050e+05,1.274064171398824885e-01
1.178721475161345443e+05,1.275404718319048669e-01
1.178729705722861981e+05,1.277583107064411971e-01
1.178737936284378375e+05,1.277331754516869977e-01
1.178746166845894768e+05,1.277331754516869977e-01
1.178754397381257295e+05,1.277750675429439875e-01
1.178762627916619822e+05,1.277750675429439875e-01
1.178770858478136215e+05,1.277750675429439875e-01
1.178779089039652608e+05,1.275237149954020488e-01
1.178787319601169147e+05,1.275320934136534579e-01
1.178795550162685686e+05,1.275069581588992584e-01
1.178803780724202079e+05,1.274566876493908596e-01
1.178812011259564606e+05,1.274985797406478494e-01
1.178820241794926987e+05,1.277331754516869977e-01
1.178828472356443526e+05,1.279677711627261461e-01
1.178836702917959919e+05,1.278420948889551767e-01
1.178844933479476313e+05,1.281520963642569233e-01
1.178853164040992851e+05,1.282442589650222842e-01
1.178861394602509390e+05,1.281939884555138853e-01
1.178869625164025783e+05,1.282107452920166757e-01
1.178877855699388310e+05,1.283029078927820643e-01
1.178886086234750692e+05,1.285542604403240030e-01
1.178894316796267231e+05,1.287720993148603610e-01
1.178902547357783624e+05,1.288307482426201411e-01
1.178910777919300017e+05,1.292412907369386299e-01
1.178919008480816556e+05,1.294339943567207885e-01
1.178927239042333094e+05,1.296434548130057374e-01
1.178935469577695476e+05,1.300121052160672364e-01
1.178943700113057857e+05,1.303975124556315535e-01
1.178951930674574396e+05,1.306656218396762548e-01
1.178960161236090935e+05,1.309923801514807917e-01
1.178968391797607328e+05,1.313275168815367100e-01
1.178976622359123721e+05,1.315621125925758583e-01
1.178984852920640260e+05,1.319056277408831579e-01
1.178993083456002641e+05,1.320313040146541550e-01
1.179001313991365168e+05,1.321486018701737153e-01
1.179009544552881562e+05,1.325004954367323962e-01
1.179017775114398100e+05,1.325423875279894137e-01
1.179026005675914639e+05,1.328607674215425138e-01
1.179034236237431032e+05,1.332461746611068309e-01
1.179042466798947426e+05,1.334723919538945702e-01
1.179050697360463964e+05,1.336986092466823095e-01
1.179058927895826346e+05,1.339834754672298567e-01
1.179067158431188873e+05,1.340421243949896368e-01
1.179075388992705266e+05,1.343018553607829846e-01
1.179083619554221805e+05,1.342264495965203863e-01
1.179091850115738343e+05,1.344275316345539262e-01
1.179100080677254737e+05,1.347291546916042637e-01
1.179108311238771130e+05,1.350642914216601820e-01
1.179116541800287669e+05,1.354161849882189184e-01
1.179124772361804207e+05,1.358853764102971595e-01
1.179133002923320601e+05,1.364215951783866454e-01
1.179141233484836994e+05,1.369578139464761035e-01
1.179149463994045509e+05,1.374605190415599809e-01
1.179157694503254024e+05,1.375359248058225514e-01
1.179165925064770418e+05,1.381140356651690271e-01
1.179174155626286811e+05,1.387005249427668840e-01
1.179182386187803349e+05,1.392870142203647410e-01
1.179190616749319888e+05,1.398567466614597798e-01
1.179198847310836281e+05,1.403678301747950663e-01
1.179207077872352675e+05,1.409375626158901329e-01
1.179215308433869213e+05,1.414402677109739825e-01
1.179223538995385752e+05,1.419429728060578599e-01
1.179231769556902000e+05,1.421775685170970083e-01
1.179240000118418538e+05,1.425210836654043356e-01
1.179248230679935077e+05,1.427389225399406658e-01
1.179256461241451470e+05,1.434008175818011210e-01
1.179264691802967864e+05,1.439789284411475689e-01
1.179272922312176379e+05,1.442637946616950884e-01
1.179281152821384894e+05,1.443978493537174668e-01
1.179289383382901433e+05,1.446073098100024157e-01
1.179297613944417681e+05,1.447916350115331652e-01
1.179305844505934219e+05,1.449340681218069249e-01
1.179314075067450758e+05,1.450178523043209045e-01
1.179322305628967151e+05,1.452943401066170426e-01
1.179330536190483544e+05,1.458640725477120814e-01
1.179338766752000083e+05,1.459059646389690712e-01
1.179346997313516622e+05,1.459394783119747074e-01
1.179355227875033015e+05,1.459897488214831063e-01
1.179363458436549408e+05,1.461740740230138280e-01
1.179371688998065947e+05,1.464924539165669559e-01
1.179379919559582486e+05,1.467773201371144753e-01
1.179388150068790856e+05,1.471459705401760021e-01
1.179396380577999225e+05,1.474811072702319203e-01
1.179404611139515764e+05,1.479000281828018182e-01
1.179412841701032303e+05,1.483189490953717160e-01
1.179421072262548696e+05,1.487294915896902325e-01
1.179429302824065089e+05,1.488970599547181917e-01
1.179437533385581628e+05,1.491735477570142465e-01
1.179445763947098167e+05,1.496259823425897528e-01
1.179453994508614560e+05,1.498354427988747295e-01
1.179462225070130953e+05,1.500365248369082416e-01
1.179470455631647492e+05,1.557338492478588521e-01
1.179478686193164031e+05,1.613222542215412558e-01
1.179486916754680424e+05,1.669022807769722783e-01
1.179495147316196817e+05,1.723650094768837404e-01
1.179503377877713356e+05,1.778277381767951748e-01
1.179511608386921871e+05,1.833407373862149803e-01
1.179519838896130241e+05,1.889375207781487931e-01
1.179528069457646634e+05,1.941656537670211069e-01
1.179536300019163173e+05,1.995362198661671804e-01
1.179544530580679711e+05,2.047894881097936381e-01
1.179552761142196105e+05,2.098751879883921923e-01
1.179560991703712498e+05,2.149776447034935367e-01
1.179569222265229037e+05,2.201136150916004619e-01
1.179577452826745575e+05,2.254255322629867553e-01
1.179585683388261969e+05,2.304777184685797009e-01
1.179593913949778362e+05,2.356220672749380074e-01
1.179602144511294900e+05,2.409926333740840532e-01
1.179610375072811439e+05,2.462626584542133845e-01
1.179618605634327832e+05,2.515410619525940694e-01
1.179626836195844226e+05,2.569367633064943424e-01
1.179635066705052741e+05,2.622319236413778176e-01
1.179643297214261256e+05,2.620559768580984494e-01
1.179651527775777649e+05,2.618884084930704903e-01
1.179659758337294043e+05,2.617878674740537481e-01
1.179667988898810581e+05,2.617459753827967583e-01
1.179676219460327120e+05,2.617292185462939402e-01
1.179684450021843513e+05,2.617794890558023391e-01
1.179692680583359906e+05,2.617543538010481119e-01
1.179700911144876445e+05,2.620308416033442778e-01
1.179709141706392984e+05,2.621062473676069038e-01
1.179717372267909232e+05,2.623994920064057768e-01
1.179725602829425770e+05,2.628603050102326644e-01
1.179733833390942309e+05,2.635138216338417383e-01
1.179742063952458702e+05,2.641673382574507567e-01
1.179750294461667218e+05,2.646532865160318160e-01
1.179758524970875587e+05,2.653989657404062785e-01
1.179766755532392126e+05,2.660608607822667615e-01
1.179774986093908665e+05,2.664797816948366038e-01
1.179783216655424912e+05,2.668903241891550371e-01
1.179791447216941451e+05,2.672924882652221168e-01
1.179799677778457990e+05,2.680214106530937612e-01
1.179807908339974383e+05,2.686749272767027796e-01
1.179816138901490776e+05,2.693284439003118536e-01
1.179824369463007315e+05,2.699735821056695184e-01
1.179832600024523854e+05,2.706187203110271278e-01
1.179840830586040247e+05,2.715571031551837211e-01
1.179849061147556640e+05,2.724954859993403700e-01
1.179857291709073179e+05,2.734590040982510240e-01
1.179865522270589718e+05,2.744225221971618445e-01
1.179873752779798087e+05,2.753609050413184378e-01
1.179881983289006457e+05,2.763160447219777383e-01
1.179890213850522996e+05,2.770365886915979181e-01
1.179898444412039535e+05,2.777319974064640373e-01
1.179906674973555928e+05,2.783771356118217022e-01
1.179914905535072321e+05,2.789133543799111048e-01
1.179923136096588860e+05,2.793322752924810026e-01
1.179931366658105399e+05,2.797511962050509005e-01
1.179939597219621792e+05,2.801701171176207983e-01
1.179947827781138185e+05,2.808152553229784076e-01
1.179956058342654724e+05,2.813514740910678658e-01
1.179964288904171262e+05,2.818876928591573239e-01
1.179972519465687656e+05,2.822228295892132421e-01
1.179980750027204049e+05,2.826501289200345490e-01
1.179988980588720588e+05,2.829517519770848866e-01
1.179997211150237126e+05,2.832533750341351686e-01
1.180005441711753519e+05,2.835549980911855061e-01
1.180013672273269913e+05,2.837812153839732732e-01
1.180021902834786451e+05,2.839822974220068130e-01
1.180030133396302990e+05,2.840660816045207926e-01
1.180038363957819383e+05,2.839739190037554595e-01
1.180046594519335777e+05,2.839571621672526414e-01
1.180054824976236268e+05,2.838482427299844901e-01
1.180063055433136760e+05,2.837393232927163389e-01
1.180071285994653153e+05,2.837477017109676924e-01
1.180079516556169547e+05,2.837393232927162834e-01
1.180087747117686085e+05,2.838398643117330811e-01
1.180095977679202624e+05,2.839571621672526414e-01
1.180104208240719017e+05,2.841582442052861812e-01
1.180112438802235411e+05,2.843593262433197211e-01
1.180120669363751949e+05,2.841498657870348277e-01
1.180128899925268488e+05,2.840493247680180300e-01
1.180137130486784881e+05,2.839487837490012878e-01
1.180145361048301274e+05,2.838482427299844901e-01
1.180153591609817813e+05,2.839404053307498788e-01
1.180161822171334352e+05,2.840912168592749643e-01
1.180170052732850745e+05,2.842420283878001608e-01
1.180178283294367138e+05,2.844514888440851652e-01
1.180186513855883677e+05,2.844431104258337561e-01
1.180194744417400216e+05,2.843090557338113777e-01
1.180202974978916609e+05,2.841163521140291914e-01
1.180211205540433002e+05,2.840995952775263733e-01
1.180219436101949541e+05,2.840828384410236107e-01
1.180227666663465934e+05,2.842839204790572061e-01
1.180235897224982327e+05,2.844850025170906904e-01
1.180244127786498866e+05,2.843928399163253573e-01
1.180252358348015405e+05,2.843844614980739482e-01
1.180260588909531798e+05,2.843174341520627313e-01
1.180268819471048191e+05,2.843425694068169030e-01
1.180277050032564730e+05,2.842420283878001608e-01
1.180285280594081269e+05,2.841414873687833631e-01
1.180293511155597662e+05,2.843509478250683675e-01
1.180301741612498154e+05,2.845604082813532609e-01
1.180309972069398500e+05,2.847698687376382654e-01
1.180318202630915039e+05,2.849709507756717497e-01
1.180326433192431577e+05,2.849625723574203406e-01
1.180334663753947825e+05,2.849625723574203406e-01
1.180342894315464364e+05,2.849625723574203962e-01
1.180351124876980903e+05,2.849541939391689871e-01
1.180359355438497296e+05,2.849625723574203962e-01
1.180367586000013689e+05,2.850966270494427746e-01
1.180375816561530228e+05,2.851552759772025269e-01
1.180384047123046767e+05,2.855155479620126169e-01
1.180392277684563160e+05,2.857250084182975658e-01
1.180400508246079553e+05,2.858339278555657170e-01
1.180408738807596092e+05,2.859596041293367419e-01
1.180416969369112630e+05,2.861439293308674636e-01
1.180425199930629024e+05,2.865125797339289626e-01
1.180433430492145417e+05,2.869398790647502695e-01
1.180441661053661956e+05,2.869566359012530876e-01
1.180449891615178494e+05,2.871409611027838094e-01
1.180458122176694887e+05,2.874006920685771571e-01
1.180466352738211281e+05,2.874090704868285662e-01
1.180474583299727819e+05,2.876520446161190958e-01
1.180482813861244358e+05,2.879536676731694333e-01
1.180491044422760751e+05,2.883223180762309323e-01
1.180499274984277145e+05,2.886909684792924313e-01
1.180507505545793683e+05,2.891350246466165563e-01
1.180515736107310222e+05,2.895790808139406258e-01
1.180523966668826615e+05,2.902325974375496997e-01
1.180532197230343008e+05,2.908609788064045465e-01
1.180540427687243500e+05,2.912882781372258534e-01
1.180548658144143992e+05,2.918747674148237103e-01
1.180556888705660385e+05,2.923523372551533051e-01
1.180565119267176779e+05,2.929807186240082073e-01
1.180573349828693317e+05,2.937682899396396041e-01
1.180581580390209856e+05,2.946815375290419148e-01
1.180589810951726249e+05,2.957372182287181239e-01
1.180598041513242642e+05,2.967845205101428685e-01
1.180606272074759181e+05,2.978569580463217292e-01
1.180614502636275720e+05,2.995996690426125375e-01
1.180622733197792113e+05,3.009737296358417913e-01
1.180630963759308506e+05,3.022388707918028938e-01
1.180639194320825045e+05,3.039145544420824852e-01
1.180647424882341584e+05,3.053472639630715468e-01
1.180655655443857977e+05,3.067213245563008006e-01
1.180663886005374370e+05,3.077853836742283078e-01
1.180672116566890909e+05,3.090924169214463446e-01
1.180680347128407448e+05,3.103826933321616743e-01
1.180688577689923841e+05,3.118656733626591349e-01
1.180696808251440234e+05,3.130889224273631921e-01
1.180705038812956773e+05,3.141446031270392902e-01
1.180713269374473166e+05,3.156610968305423315e-01
1.180721499935989559e+05,3.171775905340453727e-01
1.180729730497506098e+05,3.184930021995148186e-01
1.180737961059022637e+05,3.198084138649842645e-01
1.180746191620539030e+05,3.208473377281576555e-01
1.180754422182055423e+05,3.217438284810572591e-01
1.180762652743571962e+05,3.226319408157055091e-01
1.180770883305088500e+05,3.231514027472921491e-01
1.180779113761988847e+05,3.235787020781134005e-01
1.180787344218889339e+05,3.238384330439067482e-01
1.180795574780405732e+05,3.243411381389906811e-01
1.180803805341922271e+05,3.248773569070800837e-01
1.180812035903438809e+05,3.253214130744042087e-01
1.180820266464955203e+05,3.255895224584489100e-01
1.180828497026471596e+05,3.258576318424936114e-01
1.180836727587988134e+05,3.263770937740803069e-01
1.180844958149504528e+05,3.268295283596557299e-01
1.180853188711020921e+05,3.277595327855609697e-01
1.180861419272537460e+05,3.197665217737273857e-01
1.180869649834053998e+05,3.116059423968657871e-01
1.180877880395570392e+05,3.035040119477639409e-01
1.180886110957086785e+05,2.952764052248912363e-01
1.180894341518603323e+05,2.869650143195044412e-01
1.180902572080119862e+05,2.786620018323691661e-01
1.180910802641636255e+05,2.705098008737589765e-01
1.180919033203152649e+05,2.622821941508862165e-01
1.180927263764669187e+05,2.540713442645162745e-01
1.180935494326185726e+05,2.457348181043753077e-01
1.180943724887702119e+05,2.373982919442343964e-01
1.180951955449218513e+05,2.291790636396130454e-01
1.180960186010735051e+05,2.208928079889805052e-01
1.180968416572251590e+05,2.124473623915713594e-01
1.180976647133767983e+05,2.040773225584248673e-01
1.180984877695284376e+05,1.955816064515073782e-01
1.180993108256800915e+05,1.872702155461206386e-01
1.181001338818317454e+05,1.788499052034657200e-01
1.181009569379833847e+05,1.704547301155650008e-01
1.181017799941350240e+05,1.618836082443849134e-01
1.181026030398250732e+05,1.529103222971377740e-01
1.181034260855151224e+05,1.525668071488304467e-01
1.181042491416667617e+05,1.523489682742941165e-01
1.181050721978184010e+05,1.523573466925454700e-01
1.181058952539700549e+05,1.521813999092661296e-01
1.181067183101217088e+05,1.520892373085007687e-01
1.181075413662733481e+05,1.519970747077354079e-01
1.181083644224249874e+05,1.516116674681710907e-01
1.181091874785766413e+05,1.513016659928693719e-01
1.181100105347282952e+05,1.510586918635788423e-01
1.181108335908799345e+05,1.508827450802994463e-01
1.181116566470315738e+05,1.507067982970201059e-01
1.181124797031832277e+05,1.504805810042323666e-01
1.181133027593348816e+05,1.502292284566904279e-01
1.181141258154865209e+05,1.501370658559250393e-01
1.181149488716381602e+05,1.498689564718803102e-01
1.181157719277898141e+05,1.497684154528635403e-01
1.181165949839414679e+05,1.494500355593104401e-01
1.181174180400931073e+05,1.493327377037908521e-01
1.181182410962447466e+05,1.491903045935170924e-01
1.181190641523964005e+05,1.491567909205115394e-01
1.181198872085480543e+05,1.490478714832433327e-01
1.181207102646996791e+05,1.489473304642265628e-01
1.181215333208513330e+05,1.488886815364667826e-01
1.181223563770029868e+05,1.487211131714388235e-01
1.181231794331546262e+05,1.486038153159192354e-01
1.181240024893062655e+05,1.484865174603996474e-01
1.181248255454579194e+05,1.483692196048800871e-01
1.181256486016095732e+05,1.483524627683772967e-01
1.181264716472996079e+05,1.483357059318745064e-01
1.181272946929896571e+05,1.482435433311091177e-01
1.181281177491412964e+05,1.483357059318744786e-01
1.181289408052929502e+05,1.484613822056454480e-01
1.181297638614446041e+05,1.485870584794164173e-01
1.181305869175962434e+05,1.485619232246622456e-01
1.181314099737478828e+05,1.484948958786510564e-01
1.181322330298995366e+05,1.485703016429136269e-01
1.181330560860511760e+05,1.484278685326398672e-01
1.181338791422028153e+05,1.484278685326398950e-01
1.181347021983544691e+05,1.483357059318745064e-01
1.181355252545061230e+05,1.482435433311091177e-01
1.181363483106577623e+05,1.482603001676118804e-01
1.181371713668094017e+05,1.480508397113269314e-01
1.181379944229610555e+05,1.481262454755895297e-01
1.181388174791127094e+05,1.482016512398521280e-01
1.181396405352643487e+05,1.483608411866287058e-01
1.181404635914159880e+05,1.483105706771203069e-01
1.181412866475676419e+05,1.482603001676119359e-01
1.181421097037192958e+05,1.483943548596343143e-01
1.181429327598709351e+05,1.485703016429136269e-01
1.181437558160225744e+05,1.487462484261929951e-01
1.181445788721742283e+05,1.489724657189807344e-01
1.181454019283258822e+05,1.490813851562489134e-01
1.181462249844775215e+05,1.489305736277237724e-01
1.181470480406291608e+05,1.489305736277237446e-01
1.181478710967808147e+05,1.490813851562489412e-01
1.181486941529324686e+05,1.494249003045562407e-01
1.181495172090841079e+05,1.497265233616065505e-01
1.181503402652357472e+05,1.499694974908970524e-01
1.181511633109257964e+05,1.502878773844502081e-01
1.181519863566158456e+05,1.506481493692602980e-01
1.181528094127674849e+05,1.508911234985508276e-01
1.181536324689191242e+05,1.510922055365844230e-01
1.181544555250707781e+05,1.513603149206291243e-01
1.181552785812224320e+05,1.514776127761487123e-01
1.181561016373740713e+05,1.515949106316683004e-01
1.181569246935257106e+05,1.519049121069700470e-01
1.181577477496773645e+05,1.522065351640203290e-01
1.181585708058290184e+05,1.527092402591042342e-01
1.181593938619806577e+05,1.530276201526573343e-01
1.181602169181322970e+05,1.531030259169199048e-01
1.181610399742839509e+05,1.533795137192160429e-01
1.181618630304356047e+05,1.535554605024954111e-01
1.181626860865872441e+05,1.537314072857747516e-01
1.181635091427388834e+05,1.542089771261044573e-01
1.181643321988905373e+05,1.545357354379089665e-01
1.181651552550421911e+05,1.548289800767078672e-01
1.181659783111938305e+05,1.548876290044676474e-01
1.181668013673454698e+05,1.551306031337582048e-01
1.181676244234971236e+05,1.555160103733225219e-01
1.181684474796487775e+05,1.555160103733224941e-01
1.181692705358004023e+05,1.558008765938700413e-01
1.181700935919520562e+05,1.562030406699371488e-01
1.181709166481037100e+05,1.548373584949593040e-01
1.181717397042553494e+05,1.537816777952831504e-01
1.181725627604069887e+05,1.525081582210706665e-01
1.181733858165586425e+05,1.512346386468581827e-01
1.181742088727102964e+05,1.498270643806233482e-01
1.181750319184003311e+05,1.485032742969024655e-01
1.181758549745519704e+05,1.469784021751480430e-01
1.181766780307036242e+05,1.454702868898964108e-01
1.181775010868552781e+05,1.442051457339353082e-01
1.181783241430069174e+05,1.427137872851864664e-01
1.181791471991585568e+05,1.412643209276946421e-01
1.181799702553102106e+05,1.398148545702027901e-01
1.181807933114618645e+05,1.383234961214539760e-01
1.181816163676135038e+05,1.368321376727051619e-01
1.181824394237651431e+05,1.353491576422077014e-01
1.181832624799167970e+05,1.339667186307270386e-01
1.181840855360684509e+05,1.323999544177156540e-01
1.181849085922200902e+05,1.307494060221902621e-01
1.181857316483717295e+05,1.294591296114749601e-01
1.181865547045233834e+05,1.278420948889551767e-01
1.181873777397518279e+05,1.262585738394409740e-01
1.181882007959034818e+05,1.262669522576923831e-01
1.181890238520551211e+05,1.260993838926643962e-01
1.181898469082067604e+05,1.261245191474185956e-01
1.181906699643584143e+05,1.261496544021727950e-01
1.181914930205100682e+05,1.260323565466532347e-01
1.181923160766617075e+05,1.260239781284018257e-01
1.181931391328133468e+05,1.260155997101504166e-01
1.181939621889650007e+05,1.259904644553962449e-01
1.181947852451166400e+05,1.259737076188934268e-01
1.181956083012682793e+05,1.259820860371448359e-01
1.181964313574199332e+05,1.260072212918990353e-01
1.181972544135715871e+05,1.260323565466532070e-01
1.181980774697232264e+05,1.260155997101504166e-01
1.181989005258748657e+05,1.259988428736476263e-01
1.181997235820265196e+05,1.259904644553962172e-01
1.182005466381781735e+05,1.259653292006420455e-01
1.182013696943298128e+05,1.259485723641392274e-01
1.182021927504814521e+05,1.259318155276364370e-01
1.182030158066331060e+05,1.259569507823906365e-01
1.182038388627847598e+05,1.259820860371448359e-01
1.182046619189363992e+05,1.259653292006420178e-01
1.182054849750880385e+05,1.259485723641392274e-01
1.182063080312396924e+05,1.259401939458878461e-01
1.182071310873913317e+05,1.259150586911336467e-01
1.182079541435429710e+05,1.258899234363794473e-01
1.182087771996946249e+05,1.258647881816252478e-01
1.182096002558462787e+05,1.258899234363794473e-01
1.182104233119979181e+05,1.259150586911336467e-01
1.182112463472263626e+05,1.259318155276364370e-01
1.182120694033780019e+05,1.259401939458878461e-01
1.182128924595296558e+05,1.259401939458878461e-01
1.182137155156813096e+05,1.259234371093850557e-01
1.182145385718329489e+05,1.258983018546308563e-01
1.182153616279845883e+05,1.259066802728822376e-01
1.182161846841362421e+05,1.259150586911336467e-01
1.182170077402878960e+05,1.259401939458878461e-01
1.182178307964395353e+05,1.259569507823906087e-01
1.182186538525911747e+05,1.259653292006420178e-01
1.182194769087428285e+05,1.259653292006420455e-01
1.182202999648944824e+05,1.259485723641392274e-01
1.182211230210461217e+05,1.259234371093850280e-01
1.182219460771977610e+05,1.259066802728822376e-01
1.182227691333494149e+05,1.259150586911336467e-01
1.182235921895010688e+05,1.259401939458878461e-01
1.182244152456527081e+05,1.259569507823906365e-01
1.182252383018043474e+05,1.259737076188934268e-01
1.182260613579560013e+05,1.259820860371448359e-01
1.182268844141076552e+05,1.259653292006420178e-01
1.182277074702592945e+05,1.259401939458878183e-01
1.182285305264109338e+05,1.259234371093850280e-01
1.182293535825625877e+05,1.259318155276364370e-01
1.182301766387142416e+05,1.259401939458878461e-01
1.182309996948658663e+05,1.259485723641392274e-01
1.182318227510175202e+05,1.259653292006420178e-01
1.182326458071691741e+05,1.259485723641392274e-01
1.182334688633208134e+05,1.259318155276364370e-01
1.182342919194724527e+05,1.259066802728822376e-01
1.182351149756241066e+05,1.258899234363794473e-01
1.182359380317757605e+05,1.258983018546308563e-01
1.182367610670041904e+05,1.259066802728822376e-01
1.182375841231558297e+05,1.259150586911336467e-01
1.182384071793074836e+05,1.259318155276364370e-01
1.182392302354591375e+05,1.259401939458878461e-01
1.182400532916107768e+05,1.259234371093850280e-01
1.182408763477624161e+05,1.258983018546308286e-01
1.182416994039140700e+05,1.279845279992289364e-01
1.182425224600657239e+05,1.300707541438270165e-01
1.182433455162173632e+05,1.321653587066765057e-01
1.182441685723690025e+05,1.342180711782690050e-01
1.182449916285206564e+05,1.362791620681128857e-01
1.182458146846723102e+05,1.383402529579567664e-01
1.182466377408239496e+05,1.404851280303145988e-01
1.182474607969755889e+05,1.426383815209238959e-01
1.182482838531272428e+05,1.447916350115331374e-01
1.182491069092788966e+05,1.468946179926340634e-01
1.182499299654305360e+05,1.501538226924278296e-01
1.182507530215821753e+05,1.532287021906908742e-01
1.182515760777338292e+05,1.561443917421773409e-01
1.182523991338854830e+05,1.596717058260158362e-01
1.182532221900371223e+05,1.629141536893068398e-01
1.182540452461887617e+05,1.664917382826537617e-01
1.182548683023404155e+05,1.705636495528331520e-01
1.182556913584920694e+05,1.746355608230125422e-01
1.182565144146437087e+05,1.786823368384377608e-01
1.182573374707953481e+05,1.828799243823881204e-01
1.182581605269470019e+05,1.868261593787965136e-01
1.182589835830986558e+05,1.889626560329029925e-01
1.182598066392502951e+05,1.910991526870094714e-01
1.182606296744787251e+05,1.932356493411159504e-01
1.182614527306303789e+05,1.953386323222168208e-01
1.182622757867820328e+05,1.973662095390550930e-01
1.182630988429336721e+05,1.993937867558933930e-01
1.182639218990853115e+05,2.014716344822401195e-01
1.182647449552369653e+05,2.035494822085867905e-01
1.182655680113886192e+05,2.056273299349334893e-01
1.182663910675402585e+05,2.077554481707885869e-01
1.182672141236918978e+05,2.085849115776769458e-01
1.182680371798435517e+05,2.097076196233642886e-01
1.182688602359951910e+05,2.110314097070851436e-01
1.182696832921468304e+05,2.117435752584539699e-01
1.182705063482984842e+05,2.127154717756161162e-01
1.182713294044501381e+05,2.132265552889514026e-01
1.182721524606017774e+05,2.135449351825045028e-01
1.182729755167534167e+05,2.136706114562754444e-01
1.182737985729050706e+05,2.138298014030519945e-01
1.182746216290567245e+05,2.138716934943090120e-01
1.182754446852083638e+05,2.141733165513593495e-01
1.182762677413600031e+05,2.142152086426163393e-01
1.182770907975116570e+05,2.148016979202141963e-01
1.182779138536633109e+05,2.153881871978120532e-01
1.182787369098149502e+05,2.160500822396724807e-01
1.182795599659665895e+05,2.167873830457955064e-01
1.182803830221182434e+05,2.174827917606615146e-01
1.182812060782698973e+05,2.180190105287510005e-01
1.182820291344215366e+05,2.185552292968404586e-01
1.182828521905731759e+05,2.185217156238348502e-01
1.182836752467248298e+05,2.190160423006673185e-01
1.182844982819532743e+05,2.196611805060249833e-01
1.182853213381049281e+05,2.202644266201256307e-01
1.182861443942565675e+05,2.208341590612206695e-01
1.182869674504082068e+05,2.214038915023157361e-01
1.182877905065598607e+05,2.215714598673436952e-01
1.182886135627115145e+05,2.223003822552153397e-01
1.182894366188631539e+05,2.227276815860366466e-01
1.182902596750147932e+05,2.233476845366400843e-01
1.182910827311664470e+05,2.239006601412323327e-01
1.182919057873181009e+05,2.244201220728190005e-01
1.182927288434697257e+05,2.249395840044056682e-01
1.182935518996213796e+05,2.254255322629867830e-01
1.182943749557730334e+05,2.253920185899811746e-01
1.182951980119246728e+05,2.253836401717297377e-01
1.182960210680763121e+05,2.253752617534783564e-01
1.182968441242279659e+05,2.253668833352269474e-01
1.182976671803796198e+05,2.254003970082325281e-01
1.182984902365312591e+05,2.254339106812381366e-01
1.182993132926828985e+05,2.253668833352269751e-01
1.183001363488345523e+05,2.258695884303108525e-01
1.183009594049862062e+05,2.260958057230985641e-01
1.183017824611378455e+05,2.261125625596013822e-01
1.183026055172894849e+05,2.260622920500929833e-01
1.183034285734411387e+05,2.260120215405845845e-01
1.183042516295927926e+05,2.261544546508583442e-01
1.183050746857444174e+05,2.267241870919534108e-01
1.183058977418960712e+05,2.267577007649590193e-01
1.183067207980477251e+05,2.267493223467076102e-01
1.183075438541993644e+05,2.267409439284562012e-01
1.183083668894278089e+05,2.267995928562159813e-01
1.183091899455794482e+05,2.268582417839757615e-01
1.183100130017311021e+05,2.270509454037579200e-01
1.183108360578827560e+05,2.272436490235400786e-01
1.183116591140343953e+05,2.273693252973110757e-01
1.183124821701860346e+05,2.274698663163278456e-01
1.183133052263376885e+05,2.277547325368753373e-01
1.183141282824893424e+05,2.278133814646351452e-01
1.183149513386409817e+05,2.278720303923949253e-01
1.183157743947926210e+05,2.280228419209200663e-01
1.183165974509442749e+05,2.283914923239815653e-01
1.183174205070959288e+05,2.285087901795011256e-01
1.183182435632475681e+05,2.283747354874787749e-01
1.183190666193992074e+05,2.284501412517413732e-01
1.183198896755508613e+05,2.285506822707581986e-01
1.183207127317025152e+05,2.288858190008140614e-01
1.183215357878541545e+05,2.289863600198308591e-01
1.183223588440057938e+05,2.288941974190654705e-01
1.183231819001574477e+05,2.289109542555682886e-01
1.183240049563091015e+05,2.289696031833280965e-01
1.183248280124607409e+05,2.289025758373168795e-01
1.183256510686123802e+05,2.291371715483560556e-01
1.183264741247640341e+05,2.293717672593952317e-01
1.183272971809156879e+05,2.294974435331661733e-01
1.183281202370673273e+05,2.297823097537136927e-01
1.183289432932189666e+05,2.297320392442052939e-01
1.183297663493706204e+05,2.297320392442052939e-01
1.183305894055222598e+05,2.295477140426745166e-01
1.183314124616738991e+05,2.295896061339315064e-01
1.183322354969023436e+05,2.292879830768811689e-01
1.183330585530539975e+05,2.293717672593951207e-01
1.183338816092056368e+05,2.293633888411437394e-01
1.183347046653572761e+05,2.292796046586297598e-01
1.183355277215089300e+05,2.293214967498867496e-01
1.183363507776605838e+05,2.293633888411437394e-01
1.183371738338122232e+05,2.293801456776465575e-01
1.183379968899638625e+05,2.290366305293392302e-01
1.183388199461155164e+05,2.289109542555682331e-01
1.183396430022671702e+05,2.284920333429983907e-01
1.183404660584188096e+05,2.280731124304284929e-01
1.183412891145704489e+05,2.276541915178585951e-01
1.183421121707221027e+05,2.273609468790596666e-01
1.183429352268737566e+05,2.270928374950149931e-01
1.183437582830253959e+05,2.266655381641936584e-01
1.183445813391770353e+05,2.260622920500930388e-01
1.183454043953286891e+05,2.256517495557745223e-01
1.183462274514803430e+05,2.256182358827689416e-01
1.183470505076319823e+05,2.248809350766459159e-01
1.183478735637836216e+05,2.245290415100871795e-01
1.183486966199352755e+05,2.241771479435284709e-01
1.183495196760869294e+05,2.319355632443229065e-01
1.183503427322385687e+05,2.392331655412905100e-01
1.183511657883902080e+05,2.465223894200067045e-01
1.183519888445418619e+05,2.546159414508570862e-01
1.183528119006935158e+05,2.625838172079365540e-01
1.183536349568451551e+05,2.706773692387869357e-01
1.183544580129967944e+05,2.787709212696373173e-01
1.183552810691484483e+05,2.871242042662809912e-01
1.183561041253001022e+05,2.963069506698131628e-01
1.183569271814517415e+05,3.062353762977196303e-01
1.183577502166801714e+05,3.161554235073748553e-01
1.183585732728318253e+05,3.264106074470859431e-01
1.183593963289834792e+05,3.366574129685455663e-01
1.183602193851351185e+05,3.465774601782006803e-01
1.183610424412867578e+05,3.566483189163809353e-01
1.183618654974384117e+05,3.668699891830864424e-01
1.183626885535900656e+05,3.767313874649818040e-01
1.183635116097417049e+05,3.865927857468771656e-01
1.183643346658933442e+05,3.980963540060465378e-01
1.183651577220449981e+05,4.087034315123163064e-01
1.183659807781966520e+05,4.191596974900608230e-01
1.183668038343482767e+05,4.225194432088714147e-01
1.183676268904999306e+05,4.258205399999222540e-01
1.183684499466515845e+05,4.289708252624478413e-01
1.183692730028032238e+05,4.317859737949175103e-01
1.183700960589548631e+05,4.346011223273872348e-01
1.183709191151065170e+05,4.373324866773429798e-01
1.183717421712581709e+05,4.399046610805221191e-01
1.183725652274098102e+05,4.424684570654498494e-01
1.183733882835614495e+05,4.440352212784613450e-01
1.183742113397131034e+05,4.453171192709252102e-01
1.183750343958647572e+05,4.466073956816404844e-01
1.183758574520163966e+05,4.478725368376015314e-01
1.183766805081680359e+05,4.488444333547637055e-01
1.183775035643196898e+05,4.498163298719259351e-01
1.183783266204713436e+05,4.511149847008925629e-01
1.183791496766229830e+05,4.523801258568537209e-01
1.183799727327746223e+05,4.533771576287700111e-01
1.183807957889262761e+05,4.547009477124908106e-01
1.183816188241547206e+05,4.550444628607981934e-01
1.183824418803063745e+05,4.559074399406922162e-01
1.183832649364580138e+05,4.568793364578543348e-01
1.183840879926096532e+05,4.572312300244130712e-01
1.183849110487613070e+05,4.575831235909718075e-01
1.183857341049129609e+05,4.580774502678042759e-01
1.183865571610646002e+05,4.584293438343629568e-01
1.183873802172162395e+05,4.587896158191729912e-01
1.183882032733678934e+05,4.594347540245307115e-01
1.183890263295195473e+05,4.599290807013631244e-01
1.183898493856711866e+05,4.606244894162291326e-01
1.183906724418228259e+05,4.612780060398382065e-01
1.183914954979744798e+05,4.621326047014807648e-01
1.183923185541261191e+05,4.628028781615926013e-01
1.183931416102777584e+05,4.635569358042183619e-01
1.183939646664294123e+05,4.648136985419280554e-01
1.183947877225810662e+05,4.662715433176713442e-01
1.183956107787327055e+05,4.675953334013921991e-01
1.183964338348843448e+05,4.687683119565879686e-01
1.183972568910359987e+05,4.704104819338619237e-01
1.183980799471876526e+05,4.717258935993313695e-01
1.183989030033392919e+05,4.731753599568232493e-01
1.183997260594909312e+05,4.748594220253542497e-01
1.184005491156425851e+05,4.765853761851421844e-01
1.184013721717942390e+05,4.778672741776061050e-01
1.184021952279458783e+05,4.796016067556454487e-01
1.184030182840975176e+05,4.813275609154334389e-01
1.184038413402491715e+05,4.836902748623276294e-01
1.184046643964008108e+05,4.860446103909704108e-01
1.184054874316292553e+05,4.880805660260600920e-01
1.184063104877808946e+05,4.904265231364515754e-01
1.184071335439325485e+05,4.930908601403961034e-01
1.184079566000842024e+05,4.953362762317707335e-01
1.184087796562358417e+05,4.976235844144024090e-01
1.184096027123874810e+05,5.007654912586766427e-01
1.184104257685391349e+05,5.034968556086323321e-01
1.184112488246907888e+05,5.060271379205545372e-01
1.184120718808424281e+05,5.083898518674487832e-01
1.184128949369940674e+05,5.109871615253821497e-01
1.184137179931457213e+05,5.137687963848462935e-01
1.184145410492973751e+05,5.163493492062768420e-01
1.184153641054490145e+05,5.189215236094559813e-01
1.184161871616006538e+05,5.213428864841099797e-01
1.184170102177523077e+05,5.238731687960320738e-01
1.184178332739039615e+05,5.265710194729822380e-01
1.184186563300556008e+05,5.303161724313570913e-01
1.184194793862072402e+05,5.336507828954134558e-01
1.184203024423588940e+05,5.369937717777212294e-01
1.184211254985105479e+05,5.397000008729228027e-01
1.184219485546621872e+05,5.424146083863757850e-01
1.184227716108138266e+05,5.451208374815773583e-01
1.184235946669654804e+05,5.478354449950301186e-01
1.184244177231171343e+05,5.499049143031253806e-01
1.184252407792687736e+05,5.523765476872878333e-01
1.184260638354204129e+05,5.546135853604111654e-01
1.184268868915720668e+05,5.561803495734225500e-01
1.184277099477237061e+05,5.577722490411881617e-01
1.184285330038753455e+05,5.593641485089537735e-01
1.184293560391037900e+05,5.609309127219651581e-01
1.184301790952554438e+05,5.620787560224066448e-01
1.184310021514070831e+05,5.632349777410995406e-01
1.184318252075587225e+05,5.643995778780438455e-01
1.184326482637103763e+05,5.655809348514909685e-01
1.184334713198620302e+05,5.667203997336810462e-01
1.184342943760136695e+05,5.671895911557593983e-01
1.184351174321653089e+05,5.677593235968544372e-01
1.184359404883169627e+05,5.676252689048320033e-01
1.184367635444686166e+05,5.675498631405695438e-01
1.184375866006202559e+05,5.677509451786030281e-01
1.184384096567718952e+05,5.676755394143404576e-01
1.184392327129235491e+05,5.675917552318264780e-01
1.184400557690752030e+05,5.678012156881113714e-01
1.184408788252268423e+05,5.677174315055973919e-01
1.184417018813784816e+05,5.681195955816644716e-01
1.184425249375301355e+05,5.685804085854914147e-01
1.184433479936817894e+05,5.690412215893182468e-01
1.184441710498334287e+05,5.694517640836367356e-01
1.184449941059850680e+05,5.698623065779553354e-01
1.184458171621367219e+05,5.702896059087766423e-01
1.184466402182883758e+05,5.707085268213465401e-01
1.184474632744400151e+05,5.716050175742459771e-01
1.184482863305916544e+05,5.725098867453970453e-01
1.184491093867433083e+05,5.735907026998274816e-01
1.184499324428949622e+05,5.749815201295593869e-01
1.184507554990466015e+05,5.764226080687998577e-01
1.184515785551982408e+05,5.785339694681521649e-01
1.184524016113498947e+05,5.801342473541691858e-01
1.184532246465783392e+05,5.819523641147225090e-01
1.184540477027299785e+05,5.834185873087170959e-01
1.184548707588816178e+05,5.849015673392146120e-01
1.184556938150332717e+05,5.867615761910248695e-01
1.184565168711849255e+05,5.885880713698297129e-01
1.184573399273365649e+05,5.906826759326790910e-01
1.184581629834882042e+05,5.930621467160760441e-01
1.184589860396398581e+05,5.944613425640595805e-01
1.184598090957915119e+05,5.958772952485459351e-01
1.184606321519431513e+05,5.972513558417750223e-01
1.184614552080947906e+05,5.986421732715070387e-01
1.184622782642464445e+05,6.000497475377419843e-01
1.184631013203980983e+05,6.012729966024460415e-01
1.184639243765497376e+05,6.025213809219044370e-01
1.184647474327013770e+05,6.026973277051836941e-01
1.184655704888530308e+05,6.022448931196081601e-01
1.184663935450046702e+05,6.016248901690047779e-01
1.184672166011563095e+05,6.006948857430994826e-01
1.184680396573079634e+05,5.997732597354458184e-01
1.184688627134596172e+05,5.985081185794848269e-01
1.184696857696112565e+05,5.974859515528142540e-01
1.184705088257628959e+05,5.962627024881100857e-01
1.184713318819145497e+05,5.948132361306182059e-01
1.184721549380662036e+05,5.939083669594672488e-01
1.184729779942178429e+05,5.920651149441596983e-01
1.184738010503694823e+05,5.902553766018577841e-01
1.184746241065211361e+05,5.878926626549635381e-01
1.184754471626727900e+05,5.855299487080692922e-01
1.184762702188244293e+05,5.787937004339454017e-01
1.184770932749760686e+05,5.714625844639722452e-01
1.184779163311277225e+05,5.635030871251442974e-01
1.184787393663561670e+05,5.552168314745117295e-01
1.184795624225078209e+05,5.465870606755717231e-01
1.184803854786594602e+05,5.381583719146654232e-01
1.184812085348110995e+05,5.296291421347424366e-01
1.184820315909627534e+05,5.211501828643276824e-01
1.184828546471144073e+05,5.127214941034214934e-01
1.184836777032660466e+05,5.044771305440459708e-01
1.184845007594176859e+05,4.965846605512290179e-01
1.184853238155693398e+05,4.886838121401608226e-01
1.184861468717209937e+05,4.799283650674500135e-01
1.184869699278726330e+05,4.714661626335380773e-01
1.184877929840242723e+05,4.631966638194083830e-01
1.184886160401759262e+05,4.554466269368652731e-01
1.184894390963275655e+05,4.468587482291823676e-01
1.184902621524792048e+05,4.389495213998627632e-01
1.184910852086308587e+05,4.310067808975375225e-01
1.184919082647825126e+05,4.227959310111675806e-01
1.184927313209341519e+05,4.145850811247975831e-01
1.184935543770857912e+05,4.112253354059870469e-01
1.184943774332374451e+05,4.084353221282715496e-01
1.184952004893890989e+05,4.064412585844388026e-01
1.184960235455407383e+05,4.049666569721928622e-01
1.184968466016923776e+05,4.037936784169970372e-01
1.184976696578440315e+05,4.026290782800527879e-01
1.184984927139956853e+05,4.015231270708682354e-01
1.184993157701473247e+05,4.010036651392815954e-01
1.185001388262989640e+05,4.010120435575330045e-01
1.185009618824506178e+05,4.013723155423431499e-01
1.185017849386022717e+05,4.009701514662760147e-01
1.185026079738307017e+05,4.004171758616836829e-01
1.185034310299823410e+05,4.008696104472592170e-01
1.185042540861339949e+05,4.016152896716336240e-01
1.185050771422856487e+05,4.027715113903265753e-01
1.185059001984372881e+05,4.039612467820250519e-01
1.185067232545889274e+05,4.051342253372207658e-01
1.185075463107405812e+05,4.064580154209416207e-01
1.185083693668922351e+05,4.078488328506737481e-01
1.185091924230438744e+05,4.094155970636851327e-01
1.185100154791955138e+05,4.110158749497020980e-01
1.185108385353471676e+05,4.126245312539704724e-01
1.185116615914988215e+05,4.154648150411943686e-01
1.185124846476504608e+05,4.169645519081945917e-01
1.185133077038021001e+05,4.192937521820832569e-01
1.185141307599537540e+05,4.218659265852623963e-01
1.185149538161054079e+05,4.243962088971845459e-01
1.185157768722570472e+05,4.269516264638609226e-01
1.185165999284086865e+05,4.294651519392803096e-01
1.185174229845603404e+05,4.320121910877052773e-01
1.185182460407119943e+05,4.343581481980967052e-01
1.185190690968636336e+05,4.367711326544992945e-01
1.185198921530152729e+05,4.393349286394270248e-01
1.185207152091669268e+05,4.417395346775782605e-01
1.185215382653185807e+05,4.442279248982434758e-01
1.185223613214702200e+05,4.454427955446961795e-01
1.185231843776218593e+05,4.466241525181433025e-01
1.185240074337735132e+05,4.485428102977134235e-01
1.185248304899251671e+05,4.497493025259147181e-01
1.185256535460768064e+05,4.496487615068979204e-01
1.185264765813052363e+05,4.496236262521436933e-01
1.185272996165336808e+05,4.495649773243839409e-01
1.185281226936085441e+05,4.483668635144339998e-01
1.185289457706833782e+05,4.455517149819643308e-01
1.185297688059118227e+05,4.443368443355116271e-01
1.185305918411402672e+05,4.298673160153473893e-01
1.185314149182151305e+05,4.151715704023954401e-01
1.185322379952899646e+05,4.006936636639798488e-01
1.185330610305184091e+05,3.858722417772569302e-01
1.185338840657468536e+05,3.711178472365451730e-01
1.185347071428217168e+05,3.934966023860290707e-01
1.185355302198965510e+05,4.155569776419598127e-01
1.185363532551249955e+05,4.372487024948289447e-01
1.185371762903534400e+05,4.589488057659495968e-01
1.185379993674283032e+05,4.806656658735730114e-01
1.185388224445031374e+05,5.016284683385705545e-01
1.185396454797315819e+05,5.233034363549370349e-01
1.185404685149600264e+05,5.449867827895548134e-01
1.185412915920348751e+05,5.659495852545524119e-01
1.185421146691097238e+05,5.882696914762763907e-01
1.185429377043381683e+05,6.118800741087158102e-01
1.185437607395666128e+05,5.985835243437472863e-01
1.185445838166414615e+05,5.852618393240246464e-01
1.185454068937163102e+05,5.730879976047434932e-01
1.185462299289447546e+05,5.611319947599986424e-01
1.185470529641731991e+05,5.487822062574380100e-01
1.185478760412480478e+05,5.488073415121921261e-01
1.185486991183228965e+05,5.487403141661809647e-01
1.185495221535513410e+05,5.485811242194044146e-01
1.185503451887797855e+05,5.487068004931754395e-01
1.185511682240082155e+05,5.487654494209353029e-01
1.185519913010830642e+05,5.115987860577341229e-01
1.185528143781579274e+05,4.744740147857899326e-01
1.185536374133863719e+05,4.380530306469631596e-01
1.185544604486148019e+05,4.019755616564437140e-01
1.185552835256896506e+05,3.655043070081084311e-01
1.185561066027645138e+05,3.290246739415219057e-01
1.185569296379929583e+05,2.927461229129689757e-01
1.185577526732213882e+05,2.563837877019020106e-01
1.185585757502962369e+05,2.200130740725836920e-01
1.185593988273711002e+05,1.828547891276339210e-01
1.185602218625995447e+05,1.458138020382037103e-01
1.185610448978279746e+05,1.456881257644327410e-01
1.185618679749028233e+05,1.455875847454159711e-01
1.185626910519776866e+05,1.455875847454159711e-01
1.185635140872061311e+05,1.458892078024662808e-01
1.185643371224345610e+05,1.459646135667288791e-01
1.185651601995094097e+05,1.459310998937232984e-01
1.185659832765842730e+05,1.458724509659635182e-01
1.185668063118127029e+05,1.458138020382037381e-01
1.185676293470411474e+05,1.459143430572204803e-01
1.185684524241159961e+05,1.458892078024662808e-01
1.185692755011908594e+05,1.459562351484774700e-01
1.185700985364192893e+05,1.459562351484774700e-01
1.185709215716477338e+05,1.458389372929579375e-01
1.185717446487225825e+05,1.455792063271645898e-01
1.185725677257974457e+05,1.456965041826841500e-01
1.185733907610258757e+05,1.457300178556897308e-01
1.185742137962543202e+05,1.456546120914271880e-01
1.185750368314827501e+05,1.456546120914271880e-01
1.185758599085576134e+05,1.456965041826841778e-01
1.185766829856324621e+05,1.458305588747065007e-01
1.185775060208609066e+05,1.458305588747065007e-01
1.185783290560893365e+05,1.457467746921925211e-01
1.185791521331641998e+05,1.456713689279299506e-01
1.185799752102390485e+05,1.455540710724103626e-01
1.185807982454674930e+05,1.453278537796226233e-01
1.185816212806959229e+05,1.454032595438851938e-01
1.185824443577707862e+05,1.454786653081477921e-01
1.185832674348456349e+05,1.455624494906617994e-01
1.185840904700740793e+05,1.455205573994048096e-01
1.185849135053025093e+05,1.453948811256338125e-01
1.185857365823773725e+05,1.453948811256337847e-01
1.185865596594522212e+05,1.453781242891309944e-01
1.185873826946806512e+05,1.453613674526282318e-01
1.185882057299090957e+05,1.455708279089131807e-01
1.185890288069839589e+05,1.454870437263992011e-01
1.185898518840588076e+05,1.453865027073824312e-01
1.185906749192872376e+05,1.454116379621366306e-01
1.185914979545156821e+05,1.455205573994047819e-01
1.185923210315905453e+05,1.456294768366729608e-01
1.185931441086653940e+05,1.455708279089131807e-01
1.185939671438938240e+05,1.455708279089131807e-01
1.185947901791222685e+05,1.456210984184215518e-01
1.185956132561971317e+05,1.456462336731757512e-01
1.185964363332719804e+05,1.457300178556897585e-01
1.185972593685004103e+05,1.457551531104439302e-01
1.185980824037288548e+05,1.457216394374383495e-01
1.185989054389572993e+05,1.456127200001701982e-01
1.185997285160321626e+05,1.455875847454159711e-01
1.186005515931069967e+05,1.455456926541589813e-01
1.186013746283354412e+05,1.455708279089131529e-01
1.186021976635638857e+05,1.455540710724103626e-01
1.186030207406387344e+05,1.456462336731757790e-01
1.186038438177135831e+05,1.457551531104439302e-01
1.186046668529420276e+05,1.458640725477121092e-01
1.186054898881704721e+05,1.457802883651981019e-01
1.186063129652453208e+05,1.457048826009355591e-01
1.186071360423201695e+05,1.456546120914271603e-01
1.186079590775486140e+05,1.456378552549243699e-01
1.186087821127770585e+05,1.455121789811534005e-01
1.186096051898519072e+05,1.452692048518628709e-01
1.186104282669267559e+05,1.452524480153600805e-01
1.186112513021552004e+05,1.451854206693488913e-01
1.186120743373836449e+05,1.450681228138293311e-01
1.186128974144584790e+05,1.450597443955779220e-01
1.186137204915333423e+05,1.449759602130639424e-01
1.186145435267617868e+05,1.449256897035555436e-01
1.186153665619902313e+05,1.449340681218069249e-01
1.186161896390650654e+05,1.448754191940471447e-01
1.186170127161399287e+05,1.447497429202761754e-01
1.186178357513683732e+05,1.448335271027901550e-01
1.186186587865968177e+05,1.448502839392929731e-01
1.186194818636716518e+05,1.447916350115331652e-01
1.186203049407465151e+05,1.447916350115331652e-01
1.186211279759749596e+05,1.446659587377621958e-01
1.186219510112034041e+05,1.444900119544828276e-01
1.186227740464318340e+05,1.444146061902202849e-01
1.186235971235066827e+05,1.444146061902202849e-01
1.186244202005815459e+05,1.444564982814772747e-01
1.186252432358099759e+05,1.444564982814772469e-01
1.186260662710384204e+05,1.443308220077062776e-01
1.186268893481132691e+05,1.443308220077062776e-01
1.186277124251881323e+05,1.442637946616950884e-01
1.186285354604165623e+05,1.442637946616951161e-01
1.186293584956450068e+05,1.442637946616951161e-01
1.186301815727198555e+05,1.442637946616951161e-01
1.186310046497947187e+05,1.441716320609297275e-01
1.186318276850231487e+05,1.440794694601643666e-01
1.186326507202515932e+05,1.439789284411475967e-01
1.186334737973264419e+05,1.439789284411475412e-01
1.186342968744013051e+05,1.437778464031140291e-01
1.186351199096297350e+05,1.436940622206000773e-01
1.186359429448581795e+05,1.433254118175385228e-01
1.186367660219330282e+05,1.433002765627843234e-01
1.186375890990078915e+05,1.431075729430021648e-01
1.186384121342363214e+05,1.430405455969909756e-01
1.186392351694647659e+05,1.429232477414714431e-01
1.186400582465396146e+05,1.427724362129462743e-01
1.186408813236144633e+05,1.425210836654043356e-01
1.186417043588429078e+05,1.420937843345830565e-01
1.186425273940713523e+05,1.415994576577505881e-01
1.186433504711462010e+05,1.412391856729404427e-01
1.186441735482210497e+05,1.408705352698789437e-01
1.186449965834494942e+05,1.405605337945771971e-01
1.186458196186779387e+05,1.402170186462698698e-01
1.186466426957527874e+05,1.397310703876888105e-01
1.186474657728276361e+05,1.392953926386160945e-01
1.186482888080560806e+05,1.389434990720573859e-01
1.186491118432845105e+05,1.385161997412361068e-01
1.186499348785129550e+05,1.380721435739120095e-01
1.186507579555878183e+05,1.375191679693197888e-01
1.186515810326626670e+05,1.371505175662582898e-01
1.186524040678910969e+05,1.363545678323754839e-01
1.186532271031195414e+05,1.359356469198055861e-01
1.186540501801944047e+05,1.352402382049395502e-01
1.186548732572692534e+05,1.344694237258109437e-01
1.186556962924976833e+05,1.336986092466823373e-01
1.186565193277261278e+05,1.330953631325816899e-01
1.186573424048009911e+05,1.324334680907212347e-01
1.186581654818758398e+05,1.318134651401177693e-01
1.186589885171042697e+05,1.313191384632853009e-01
1.186598115523327142e+05,1.310007585697322008e-01
1.186606346294075774e+05,1.306153513301678837e-01
1.186614577064824261e+05,1.302299440906035943e-01
1.186622807417108561e+05,1.297523742502739164e-01
1.186631037769393006e+05,1.292329123186872208e-01
1.186639268540141638e+05,1.288558834973743128e-01
1.186647499310889980e+05,1.284202057483016246e-01
1.186655729663174425e+05,1.280012848357317268e-01
1.186663960015458870e+05,1.276242560144188187e-01
1.186672190786207502e+05,1.273142545391170999e-01
1.186680421556955844e+05,1.270796588280779515e-01
1.186688651909240289e+05,1.267864141892790231e-01
1.186696882261524734e+05,1.267193868432678339e-01
1.186705113032273366e+05,1.265601968964912838e-01
1.186713343803021708e+05,1.264177637862174963e-01
1.186721574155306153e+05,1.263507364402063349e-01
1.186729804507590597e+05,1.262837090941951457e-01
1.186738034859875042e+05,1.261664112386755854e-01
1.186746265630623384e+05,1.261245191474185956e-01
1.186754496401372016e+05,1.261328975656700047e-01
1.186762726753656461e+05,1.261412759839213860e-01
1.186770957105940906e+05,1.260993838926643962e-01
1.186779187876689248e+05,1.260323565466532070e-01
1.186787418647437880e+05,1.259653292006420178e-01
1.186795648999722325e+05,1.258983018546308563e-01
1.186803879352006770e+05,1.259066802728822376e-01
1.186812110122755112e+05,1.259150586911336467e-01
1.186820340893503744e+05,1.259234371093850557e-01
1.186828571245788189e+05,1.259318155276364370e-01
1.186836801598072634e+05,1.259401939458878461e-01
1.186845032368820976e+05,1.258731665998766569e-01
1.186853263139569608e+05,1.258061392538654677e-01
1.186861493491854053e+05,1.257977608356140864e-01
1.186869723844138352e+05,1.258061392538654677e-01
1.186877954614886839e+05,1.258145176721168768e-01
1.186886185385635472e+05,1.258228960903682581e-01
1.186894415737919917e+05,1.258312745086196671e-01
1.186902646090204216e+05,1.258396529268710484e-01
1.186910876860952703e+05,1.258228960903682581e-01
1.186919107631701336e+05,1.258061392538654677e-01
1.186927337983985781e+05,1.257977608356140864e-01
1.186935568336270080e+05,1.258061392538654677e-01
1.186943799107018567e+05,1.258145176721168768e-01
1.186952029877767200e+05,1.258228960903682581e-01
1.186960260230051645e+05,1.258312745086196671e-01
1.186968490582335944e+05,1.258396529268710484e-01
1.186976720934620389e+05,1.258228960903682581e-01
1.186984951705368876e+05,1.258061392538654677e-01
1.186993182476117508e+05,1.257977608356140864e-01
1.187001412828401808e+05,1.258061392538654677e-01
1.187009643180686253e+05,1.258145176721168768e-01
1.187017873951434740e+05,1.258228960903682581e-01
1.187026104722183227e+05,1.258312745086196671e-01
1.187034335074467672e+05,1.258396529268710484e-01
1.187042565426752117e+05,1.258228960903682581e-01
1.187050796197500604e+05,1.258061392538654677e-01
1.187059026968249091e+05,1.257977608356140864e-01
1.187067257320533536e+05,1.258061392538654677e-01
1.187075487672817981e+05,1.405186417033202351e-01
1.187083718443566468e+05,1.552311441527749747e-01
1.187091949214314955e+05,1.699436466022297143e-01
1.187100179566599400e+05,1.846477706334330726e-01
1.187108409918883699e+05,1.978856714706417608e-01
1.187116640689632331e+05,2.102019463001967292e-01
1.187124871460380818e+05,2.225265995480030512e-01
1.187133101812665263e+05,2.341474656626919837e-01
1.187141332164949563e+05,2.460029274884200368e-01
1.187149562935698195e+05,2.571881158540362811e-01
1.187157793706446682e+05,2.683816826379039067e-01
1.187166024058731127e+05,2.795836278400229413e-01
1.187174254411015427e+05,2.900315153995161599e-01
1.187182485181764059e+05,3.004794029590093229e-01
1.187190715952512546e+05,3.109440473550053041e-01
1.187198946304796991e+05,3.214086917510013408e-01
1.187207176657081291e+05,3.319068498200029582e-01
1.187215407009365736e+05,3.423882510525017575e-01
1.187223637780114368e+05,3.528696522850005013e-01
1.187231868550862710e+05,3.633845671905048813e-01
1.187240098903147154e+05,3.738575900047522715e-01
1.187248329255431599e+05,3.696264887877963035e-01
1.187256560026180232e+05,3.654037659890917999e-01
1.187264790796928573e+05,3.611559079356331248e-01
1.187273021149213018e+05,3.569499419734313839e-01
1.187281251501497463e+05,3.538750624751683116e-01
1.187289482272246096e+05,3.520150536233578875e-01
1.187297713042994437e+05,3.501550447715475745e-01
1.187305943395278882e+05,3.490072014711060877e-01
1.187314173747563327e+05,3.476247624596254249e-01
1.187322404518311960e+05,3.469209753265080076e-01
1.187330635289060301e+05,3.459155651363402528e-01
1.187338865641344746e+05,3.449017765279210890e-01
1.187347095993629191e+05,3.446252887256249231e-01
1.187355326764377824e+05,3.443488009233287572e-01
1.187363557535126165e+05,3.441058267940382276e-01
1.187371787887410610e+05,3.434774454251833808e-01
1.187380018239695055e+05,3.430417676761107204e-01
1.187388249010443542e+05,3.425977115087867064e-01
1.187396479781192029e+05,3.358111927251544171e-01
1.187404710133476474e+05,3.289911602685164915e-01
1.187412940485760919e+05,3.221627493936271014e-01
1.187421171256509406e+05,3.153343385187378223e-01
1.187429402027257893e+05,3.085143060620999522e-01
1.187437632379542338e+05,3.016104894229480471e-01
1.187445862731826783e+05,2.946731591107906167e-01
1.187454093084111228e+05,2.881212360381974480e-01
1.187462323854859569e+05,2.812760683268053508e-01
1.187470554625608202e+05,2.744309006154131980e-01
1.187478784977892647e+05,2.678203286150602214e-01
1.187487015330176946e+05,2.610338098314279875e-01
1.187495246100925433e+05,2.542472910477956427e-01
1.187503476871674065e+05,2.477540169029622263e-01
1.187511707223958510e+05,2.415204737239221855e-01
1.187519937576242810e+05,2.352869305448821169e-01
1.187528168346991297e+05,2.289360895103225435e-01
1.187536399117739929e+05,2.225433563845059248e-01
1.187544629470024374e+05,2.167119772815329637e-01
1.187552859822308674e+05,2.106543808857722633e-01
1.187561090593057161e+05,2.047475960185367039e-01
1.187569321363805793e+05,2.051832737676093643e-01
1.187577551716090238e+05,2.055770594254250905e-01
1.187585782068374538e+05,2.060043587562463696e-01
1.187594012839123025e+05,2.063981444140620680e-01
1.187602243609871657e+05,2.068673358361403647e-01
1.187610473962155957e+05,2.072862567487102625e-01
1.187618704314440402e+05,2.077386913342857411e-01
1.187626935085188888e+05,2.083503158666377975e-01
1.187635165855937521e+05,2.089619403989898261e-01
1.187643396208221820e+05,2.098919448248950104e-01
1.187651626560506265e+05,2.105789751215096373e-01
1.187659857331254752e+05,2.114419522014036601e-01
1.187668088102003385e+05,2.121876314257780671e-01
1.187676318454287684e+05,2.129333106501524742e-01
1.187684548806572129e+05,2.132265552889513749e-01
1.187692779158856574e+05,2.135197999277503034e-01
1.187701009929605061e+05,2.140979107870967790e-01
1.187709240700353548e+05,2.146760216464432269e-01
1.187717471052637993e+05,2.150781857225103344e-01
1.187725701404922293e+05,2.153044030152981014e-01
1.187733932175670925e+05,2.154133224525662804e-01
1.187742162946419412e+05,2.155976476540970299e-01
1.187750393298703857e+05,2.160417038214210994e-01
1.187758623650988156e+05,2.164857599887451689e-01
1.187766854421736789e+05,2.168795456465608396e-01
1.187775085192485276e+05,2.171895471218625862e-01
1.187783315544769721e+05,2.176587385439408273e-01
1.187791545897054020e+05,2.178933342549800034e-01
1.187799776667802653e+05,2.182033357302817222e-01
1.187808007438551140e+05,2.185133372055834688e-01
1.187816237790835585e+05,2.185049587873320598e-01
1.187824468143119884e+05,2.184965803690806785e-01
1.187832698913868517e+05,2.185049587873321153e-01
1.187840929684617004e+05,2.186306350611030846e-01
1.187849160036901303e+05,2.187563113348740540e-01
1.187857390389185748e+05,2.190746912284271541e-01
1.187865621159934381e+05,2.193930711219802820e-01
1.187873851930682868e+05,2.195438826505054508e-01
1.187882082282967167e+05,2.196946941790305918e-01
1.187890312635251612e+05,2.198455057075557328e-01
1.187898543406000244e+05,2.200633445820920908e-01
1.187906774176748731e+05,2.203314539661368199e-01
1.187915004529033031e+05,2.204655086581591983e-01
1.187923234881317476e+05,2.204738870764106073e-01
1.187931465233601921e+05,2.204822654946619886e-01
1.187939696004350553e+05,2.205744280954273773e-01
1.187947926775098895e+05,2.206665906961927659e-01
1.187956157127383340e+05,2.211022684452654541e-01
1.187964387479667785e+05,2.217390282323716821e-01
1.187972618250416417e+05,2.216384872133549122e-01
1.187980849021164759e+05,2.216468656316063213e-01
1.187989079373449204e+05,2.216552440498577303e-01
1.187997309725733649e+05,2.216636224681091116e-01
1.188005540496482135e+05,2.216552440498577026e-01
1.188013771267230622e+05,2.216468656316062935e-01
1.188022001619515067e+05,2.216384872133549400e-01
1.188030231971799512e+05,2.219652455251594492e-01
1.188038462742547999e+05,2.222920038369639584e-01
1.188046693513296486e+05,2.222584901639583499e-01
1.188054923865580931e+05,2.222249764909527692e-01
1.188063154217865376e+05,2.221914628179471607e-01
1.188071384988613863e+05,2.227360600042880556e-01
1.188079615759362350e+05,2.231047104073495546e-01
1.188087846111646795e+05,2.235320097381708060e-01
1.188096076463931240e+05,2.238671464682267243e-01
1.188104307234679582e+05,2.242274184530368419e-01
1.188112538005428214e+05,2.245876904378469596e-01
1.188120768357712659e+05,2.250568818599252285e-01
1.188128998709997104e+05,2.251825581336961701e-01
1.188137229480745445e+05,2.203146971296339462e-01
1.188145460251494078e+05,2.158825138746444383e-01
1.188153690603778523e+05,2.113330327641353978e-01
1.188161920956062968e+05,2.067835516536263851e-01
1.188170151308347267e+05,2.022256921248659078e-01
1.188178382079095754e+05,1.976678325961054306e-01
1.188186612849844387e+05,1.931099730673449810e-01
1.188194843202128832e+05,1.885688703750873219e-01
1.188203073554413131e+05,1.836926309527737444e-01
1.188211304325161618e+05,1.788163915304601392e-01
1.188219535095910251e+05,1.742920456747052704e-01
1.188227765448194550e+05,1.697676998189504016e-01
1.188235995800478995e+05,1.652433539631955051e-01
1.188244226571227482e+05,1.602414382671109305e-01
1.188252457341976115e+05,1.553651988447973531e-01
1.188260687694260414e+05,1.505057162589865383e-01
1.188268918046544859e+05,1.456462336731757512e-01
1.188277148817293346e+05,1.407616158326107370e-01
1.188285379588041978e+05,1.358686195737943692e-01
1.188293609940326278e+05,1.308667038777098224e-01
1.188301840292610723e+05,1.258647881816252478e-01
1.188310071063359210e+05,1.258731665998766569e-01
1.188318301834107842e+05,1.258564097633738665e-01
1.188326532186392142e+05,1.258647881816252478e-01
1.188334762538676587e+05,1.258731665998766569e-01
1.188342993309425074e+05,1.258899234363794473e-01
1.188351224080173706e+05,1.258983018546308563e-01
1.188359454432458006e+05,1.259066802728822376e-01
1.188367684784742451e+05,1.258983018546308286e-01
1.188375915555490938e+05,1.258815450181280382e-01
1.188384146326239425e+05,1.258647881816252478e-01
1.188392376678523869e+05,1.258731665998766569e-01
1.188400607030808314e+05,1.258815450181280382e-01
1.188408837383092614e+05,1.258899234363794473e-01
1.188417068153841246e+05,1.258983018546308563e-01
1.188425298924589733e+05,1.259066802728822376e-01
1.188433529276874178e+05,1.258983018546308286e-01
1.188441759629158478e+05,1.258815450181280382e-01
1.188449990399907110e+05,1.258647881816252478e-01
1.188458221170655597e+05,1.258564097633738665e-01
1.188466451522939897e+05,1.258647881816252478e-01
1.188474681875224342e+05,1.258731665998766569e-01
1.188482912645972974e+05,1.258815450181280660e-01
1.188491143416721461e+05,1.258899234363794473e-01
1.188499373769005761e+05,1.258815450181280382e-01
1.188507604121290206e+05,1.258899234363794473e-01
1.188515834892038838e+05,1.258731665998766569e-01
1.188524065662787325e+05,1.258647881816252478e-01
1.188532296015071624e+05,1.258731665998766569e-01
1.188540526367356069e+05,1.258815450181280382e-01
1.188548757138104702e+05,1.258899234363794473e-01
1.188556987908853189e+05,1.258983018546308563e-01
1.188565218261137488e+05,1.258899234363794473e-01
1.188573448613421933e+05,1.258731665998766569e-01
1.188581679384170566e+05,1.258564097633738665e-01
1.188589910154919053e+05,1.258480313451224575e-01
1.188598140507203352e+05,1.258564097633738665e-01
1.188606370859487797e+05,1.259234371093850557e-01
1.188614601630236430e+05,1.259318155276364370e-01
1.188622832400984771e+05,1.259401939458878461e-01
1.188631062753269216e+05,1.259485723641392274e-01
1.188639293105553661e+05,1.260155997101504166e-01
1.188647523457838106e+05,1.259988428736476263e-01
1.188655754228586593e+05,1.259653292006420455e-01
1.188663984999335080e+05,1.419848648973148775e-01
1.188672215351619525e+05,1.578368322289597225e-01
1.188680445703903970e+05,1.738479895073811177e-01
1.188688676474652457e+05,1.885437351203330669e-01
1.188696907245400944e+05,2.032729944062906247e-01
1.188705137597685389e+05,2.179771184374939830e-01
1.188713367949969834e+05,2.326812424686973413e-01
1.188721598720718175e+05,2.473853664999007274e-01
1.188729829491466808e+05,2.620894905311040302e-01
1.188738059843751253e+05,2.767517224710504542e-01
1.188746290196035698e+05,2.914139544109967672e-01
1.188754520966784039e+05,3.057578064573900356e-01
1.188762751737532672e+05,3.201016585037833040e-01
1.188770982089817117e+05,3.344538889684278704e-01
1.188779212442101561e+05,3.481274675547093023e-01
1.188787443212849903e+05,3.610805021713704988e-01
1.188795673983598535e+05,3.740335367880316397e-01
1.188803904335882980e+05,3.869698145681900181e-01
1.188812134688167425e+05,3.997050103103148566e-01
1.188820365458915767e+05,4.125239902349536747e-01
1.188828596229664399e+05,4.125323686532050838e-01
1.188836826581948844e+05,3.965295897930350977e-01
1.188845056934233144e+05,3.806692440431388436e-01
1.188853287704981631e+05,3.646329515099632212e-01
1.188861518475730263e+05,3.499372058970112720e-01
1.188869748828014708e+05,3.356101106871207662e-01
1.188877979180299008e+05,3.211740960399621092e-01
1.188886209951047495e+05,3.067380813928035077e-01
1.188894440721796127e+05,2.920339573616002049e-01
1.188902671074080572e+05,2.773298333303968466e-01
1.188910901426364871e+05,2.626843582269533517e-01
1.188919131778649316e+05,2.480221262870069832e-01
1.188927362549397803e+05,2.336782742406137425e-01
1.188935593320146436e+05,2.196360452512708394e-01
1.188943823672430735e+05,2.056357083531849261e-01
1.188952054024715180e+05,1.918951024208923051e-01
1.188960284795463667e+05,1.789420678042311086e-01
1.188968515566212154e+05,1.659890331875699121e-01
1.188976745918496599e+05,1.530443769891601247e-01
1.188984976270781044e+05,1.402253970645212788e-01
1.188993207041529531e+05,1.274064171398824608e-01
1.189001437812278018e+05,1.273980387216310795e-01
1.189009668164562463e+05,1.281772316190110950e-01
1.189017898516846908e+05,1.284620978395586144e-01
1.189026129287595395e+05,1.284704762578099957e-01
1.189034360058343882e+05,1.284788546760614047e-01
1.189042590410628327e+05,1.290988576266648424e-01
1.189050820762912772e+05,1.288139914061173230e-01
1.189059051533661259e+05,1.285291251855698036e-01
1.189067282304409746e+05,1.295261569574861493e-01
1.189075512656694191e+05,1.305231887294024951e-01
1.189083743008978490e+05,1.313694089727936998e-01
1.189091973779727123e+05,1.322910349804474750e-01
1.189100204550475610e+05,1.330953631325816622e-01
1.189108434902760055e+05,1.338410423569560692e-01
1.189116665255044354e+05,1.343772611250455273e-01
1.189124896025792987e+05,1.353407792239563201e-01
1.189133126796541474e+05,1.363042973228670851e-01
1.189141357148825919e+05,1.374856542963141803e-01
1.189149587501110218e+05,1.384407939769735363e-01
1.189157817853394663e+05,1.396305293686720406e-01
1.189166048624143295e+05,1.407113453231023936e-01
1.189174279394891782e+05,1.417921612775327467e-01
1.189182509747176082e+05,1.420267569885718673e-01
1.189190740099460527e+05,1.428059498859518550e-01
1.189198970870209159e+05,1.438616305856280086e-01
1.189207201640957501e+05,1.448754191940471447e-01
1.189215431993241946e+05,1.487378700079415861e-01
1.189223662345526391e+05,1.535470820842440021e-01
1.189231893116275023e+05,1.583562941605464180e-01
1.189240123887023365e+05,1.621600960466810792e-01
1.189248354239307810e+05,1.660811957883353007e-01
1.189256584591592255e+05,1.699436466022297698e-01
1.189264815362340887e+05,1.737558269066157846e-01
1.189273046133089229e+05,1.778612518498007555e-01
1.189281276485373673e+05,1.816064048081756366e-01
1.189289506837658118e+05,1.854939908768242496e-01
1.189297737608406751e+05,1.895156316374952687e-01
1.189305968379155092e+05,1.934367313791494902e-01
1.189314198731439537e+05,2.025105583454134550e-01
1.189322429083723982e+05,2.116765479124427529e-01
1.189330659854472615e+05,2.206079417684329302e-01
1.189338890625220956e+05,2.297069039894510944e-01
1.189347120977505401e+05,2.391996518682849293e-01
1.189355351329789846e+05,2.488264544391411148e-01
1.189363582100538333e+05,2.600954269872713387e-01
1.189371812871286820e+05,2.718922398852396394e-01
1.189380043223571265e+05,2.837141880379621672e-01
1.189388273575855710e+05,2.933661258635724689e-01
1.189396503928140155e+05,3.040905012253617978e-01
1.189404734698888496e+05,3.151416348989556360e-01
1.189412965469637129e+05,3.257487124052254046e-01
1.189421195821921574e+05,3.365233582765231324e-01
1.189429426174206019e+05,3.473315178208264964e-01
1.189437656944954360e+05,3.581396773651298604e-01
1.189445887715702993e+05,3.689394584911817043e-01
1.189454118067987438e+05,3.800324842560325322e-01
1.189462348420271737e+05,3.909160495645985223e-01
1.189470579191020224e+05,4.015985328351308614e-01
1.189478809961768857e+05,4.122977729421660187e-01
1.189487040314053302e+05,4.175426627675410951e-01
1.189495270666337601e+05,4.231059324864693272e-01
1.189503501437086088e+05,4.284513633308612013e-01
1.189511732207834721e+05,4.338721999395156459e-01
1.189519962560119166e+05,4.387233041070749961e-01
1.189528192912403465e+05,4.440771133697182238e-01
1.189536423683151952e+05,4.473949669972718257e-01
1.189544654453900584e+05,4.501430881837303333e-01
1.189552884806185029e+05,4.519612049442837676e-01
1.189561115158469329e+05,4.530839129899710271e-01
1.189569345929217816e+05,4.530252640622112748e-01
1.189577576699966448e+05,4.518522855070155053e-01
1.189585807052250748e+05,4.492717326855850124e-01
1.189594037404535193e+05,4.465319899173778584e-01
1.189602268175283680e+05,4.439346802594444918e-01
1.189610498946032312e+05,4.413373706015111253e-01
1.189618729298316612e+05,4.377095154986558878e-01
1.189626959650601057e+05,4.339057136125212266e-01
1.189635190002885502e+05,4.292975835742523505e-01
1.189643420773633989e+05,4.241448563496426072e-01
1.189651651544382476e+05,4.190842917257982525e-01
1.189659881896666921e+05,4.142248091399874932e-01
1.189668112248951365e+05,4.086950530940648973e-01
1.189676343019699852e+05,4.033831359226786040e-01
1.189684573790448339e+05,3.979371640592699322e-01
1.189692804142732784e+05,3.930609246369564103e-01
1.189701034495017084e+05,3.875898175187935668e-01
1.189709265265765716e+05,3.820600614728709155e-01
1.189717496036514203e+05,3.757930046208252106e-01
1.189725726388798648e+05,3.704727090311875637e-01
1.189733956741082948e+05,3.642475442703988486e-01
1.189742187511831580e+05,3.582067047111409663e-01
1.189750418282580067e+05,3.529534364675144809e-01
1.189758648634864512e+05,3.491244993266255925e-01
1.189766878987148812e+05,3.451615074937144367e-01
1.189775109757897444e+05,3.409806767862668120e-01
1.189783340528645931e+05,3.365652503677801777e-01
1.189791570880930376e+05,3.333311809227406108e-01
1.189799801233214675e+05,3.222213983213869093e-01
1.189808032003963308e+05,3.117148618341339383e-01
1.189816262774711795e+05,3.018450851339871677e-01
1.189824493126996094e+05,2.919166595060806446e-01
1.189832723479280539e+05,2.818960712774087329e-01
1.189840954250029172e+05,2.723195392160608908e-01
1.189849185020777659e+05,2.625000330254225744e-01
1.189857415373061958e+05,2.526637699982813845e-01
1.189865645725346403e+05,2.426850738608664348e-01
1.189873876077630848e+05,2.327315129782057679e-01
1.189882106848379481e+05,2.232052514263663245e-01
1.189890337619127822e+05,2.144833180266610961e-01
1.189898567971412267e+05,2.054262478968999217e-01
1.189906798323696712e+05,1.965283677139153529e-01
1.189915029094445345e+05,1.873037292191262193e-01
1.189923259865193686e+05,1.781126043973426942e-01
1.189931490217478131e+05,1.697509429824475558e-01
1.189939720569762576e+05,1.610876585105021075e-01
1.189947951340511208e+05,1.526422129130930172e-01
1.189956182111259550e+05,1.444732551179800373e-01
1.189964412463543995e+05,1.359524037563083765e-01
1.189972642815828440e+05,1.352234813684367321e-01
1.189980873586576927e+05,1.350307777486546013e-01
1.189989104357325414e+05,1.346118568360847034e-01
1.189997334709609859e+05,1.341426654140064345e-01
1.190005565061894304e+05,1.338913128664644681e-01
1.190013795832642791e+05,1.333718509348777725e-01
1.190022026603391278e+05,1.332126609881012502e-01
1.190030256955675723e+05,1.330367142048218543e-01
1.190038487307960168e+05,1.327853616572799433e-01
1.190046718078708655e+05,1.323748191629614268e-01
1.190054948849457141e+05,1.321067097789167255e-01
1.190063179201741586e+05,1.318721140678775772e-01
1.190071409554026031e+05,1.318302219766206151e-01
1.190079640324774373e+05,1.313694089727937275e-01
1.190087871095523005e+05,1.314113010640506896e-01
1.190096101447807450e+05,1.312018406077657684e-01
1.190104331800091895e+05,1.305567024024081035e-01
1.190112562152376195e+05,1.302718361818605841e-01
1.190120792923124682e+05,1.300037267978158273e-01
1.190129023693873314e+05,1.298194015962850778e-01
1.190137254046157759e+05,1.295345353757375584e-01
1.190145484398442059e+05,1.293502101742067811e-01
1.190153715169190546e+05,1.291658849726760316e-01
1.190161945939939178e+05,1.289648029346424918e-01
1.190170176292223623e+05,1.288307482426201134e-01
1.190178406644507922e+05,1.284537194213072331e-01
1.190186637415256409e+05,1.283950704935474529e-01
1.190194868186005042e+05,1.282442589650222842e-01
1.190203098538289341e+05,1.282861510562792740e-01
1.190211328890573786e+05,1.281520963642568955e-01
1.190219559661322273e+05,1.281018258547485245e-01
1.190227790432070906e+05,1.279091222349663659e-01
1.190236020784355205e+05,1.275739855049104476e-01
1.190244251136639650e+05,1.273310113756198902e-01
1.190252481907388137e+05,1.272556056113573197e-01
1.190260712678136770e+05,1.270293883185695805e-01
1.190268943030421069e+05,1.270210099003181714e-01
1.190277173382705514e+05,1.271550645923405498e-01
1.190285404153454001e+05,1.272807408661114914e-01
1.190293634924202634e+05,1.272807408661114914e-01
1.190301865276486933e+05,1.271550645923405221e-01
1.190310095628771378e+05,1.271131725010835323e-01
1.190318326399519865e+05,1.270964156645807419e-01
1.190326557170268352e+05,1.269372257178041918e-01
1.190334787522552797e+05,1.270796588280779515e-01
1.190343017874837242e+05,1.272556056113573197e-01
1.190351248227121541e+05,1.272891192843629005e-01
1.190359478997870174e+05,1.273393897938712993e-01
1.190367709768618661e+05,1.273645250486254987e-01
1.190375940120903106e+05,1.271801998470947215e-01
1.190384170473187405e+05,1.271718214288433402e-01
1.190392401243936038e+05,1.272137135201003300e-01
1.190400632014684525e+05,1.272556056113573197e-01
1.190408862366968970e+05,1.274315523946366602e-01
1.190417092719253269e+05,1.276158775961674097e-01
1.190425323490001902e+05,1.276661481056758085e-01
1.190433554260750388e+05,1.279593927444747370e-01
1.190441784613034688e+05,1.281102042729999058e-01
1.190450014965319133e+05,1.281102042729999058e-01
1.190458245736067765e+05,1.281604747825082768e-01
1.190466476506816252e+05,1.282945294745306553e-01
1.190474706859100552e+05,1.284788546760614047e-01
1.190482937211384997e+05,1.285291251855698036e-01
1.190491167982133629e+05,1.286631798775921820e-01
1.190499398752882116e+05,1.288139914061173230e-01
1.190507629105166416e+05,1.288810187521285122e-01
1.190515859457450861e+05,1.288893971703798935e-01
1.190524090228199493e+05,1.290402086989050623e-01
1.190532320998947980e+05,1.293083180829498191e-01
1.190540551351232280e+05,1.294507511932235788e-01
1.190548781703516725e+05,1.295010217027319499e-01
1.190557012474265357e+05,1.295680490487431391e-01
1.190565243245013698e+05,1.296350763947543283e-01
1.190573473597298143e+05,1.296434548130057096e-01
1.190581703949582588e+05,1.296183195582515379e-01
1.190589934301867033e+05,1.297607526685252977e-01
1.190598165072615520e+05,1.298864289422962670e-01
1.190606395843364007e+05,1.298110231780336687e-01
1.190614626195648452e+05,1.299534562883074285e-01
1.190622856547932897e+05,1.300037267978157995e-01
1.190631087318681384e+05,1.299618347065588098e-01
1.190639318089429871e+05,1.301042678168325972e-01
1.190647548441714316e+05,1.300623757255756074e-01
1.190655778793998761e+05,1.302550793453577660e-01
1.190664009564747248e+05,1.303221066913689552e-01
1.190672240335495735e+05,1.303304851096203365e-01
1.190680470687780180e+05,1.301377814898382057e-01
1.190688701040064625e+05,1.301545383263409961e-01
1.190696931810812966e+05,1.301629167445924051e-01
1.190705162581561599e+05,1.300204836343186177e-01
1.190713392933846044e+05,1.298864289422962393e-01
1.190721623286130489e+05,1.300037267978158273e-01
1.190729854056878830e+05,1.299450778700560472e-01
1.190738084827627463e+05,1.297523742502738886e-01
1.190746315179911908e+05,1.297607526685252977e-01
1.190754545532196353e+05,1.297356174137710982e-01
1.190762776302944694e+05,1.295848058852459295e-01
1.190771007073693327e+05,1.294675080297263692e-01
1.190779237425977772e+05,1.294088591019665890e-01
1.190787467778262217e+05,1.292915612464470287e-01
1.190795698549010558e+05,1.291575065544246503e-01
1.190803929319759191e+05,1.290234518624022719e-01
1.190812159672043636e+05,1.288726403338771032e-01
1.190820390024327935e+05,1.287218288053519344e-01
1.190828620376612380e+05,1.286464230410893639e-01
1.190836851147360867e+05,1.284620978395586144e-01
1.190845081918109499e+05,1.283364215657876450e-01
1.190853312270393799e+05,1.284788546760614047e-01
1.190861542622678244e+05,1.283280431475362637e-01
1.190869773393426731e+05,1.281856100372624763e-01
1.190878004164175363e+05,1.280515553452401256e-01
1.190886234516459663e+05,1.281939884555138853e-01
1.190894464868744108e+05,1.280850690182457063e-01
1.190902695639492595e+05,1.279593927444747370e-01
1.190910926410241227e+05,1.279342574897205653e-01
1.190919156762525527e+05,1.277918243794467779e-01
1.190927387114809972e+05,1.276661481056758085e-01
1.190935617885558459e+05,1.275320934136534301e-01
1.190943848656306945e+05,1.275153365771506397e-01
1.190952079008591390e+05,1.273645250486254987e-01
1.190960309360875835e+05,1.272220919383517113e-01
1.190968540131624322e+05,1.272304703566031203e-01
1.190976770902372809e+05,1.272053351018489487e-01
1.190985001254657254e+05,1.270796588280779793e-01
1.190993231606941699e+05,1.270880372463293606e-01
1.191001462377690186e+05,1.269623609725583913e-01
1.191009693148438673e+05,1.269456041360556009e-01
1.191017923500723118e+05,1.269204688813014292e-01
1.191026153853007563e+05,1.267612789345248514e-01
1.191034384623756050e+05,1.267445220980220610e-01
1.191042615394504537e+05,1.267193868432678616e-01
1.191050845746788982e+05,1.267277652615192707e-01
1.191059076099073282e+05,1.265685753147426928e-01
1.191067306451357726e+05,1.265518184782399025e-01
1.191075537222106359e+05,1.265350616417371121e-01
1.191083767992854846e+05,1.265434400599885212e-01
1.191091998345139145e+05,1.265266832234857308e-01
1.191100228697423590e+05,1.265015479687315314e-01
1.191108459468172223e+05,1.265099263869829127e-01
1.191116690238920710e+05,1.265183048052342940e-01
1.191124920591205009e+05,1.265266832234857031e-01
1.191133150943489454e+05,1.265099263869829127e-01
1.191141381714238087e+05,1.264847911322287133e-01
1.191149612484986574e+05,1.264931695504801223e-01
1.191157842837270873e+05,1.264764127139773320e-01
1.191166073189555318e+05,1.264512774592231326e-01
1.191174303960303951e+05,1.264596558774745139e-01
1.191182534731052292e+05,1.264596558774745139e-01
1.191190765083336737e+05,1.264680342957259229e-01
1.191198995435621182e+05,1.264764127139773320e-01
1.191207226206369814e+05,1.264764127139773320e-01
1.191215456977118156e+05,1.264847911322287410e-01
1.191223687329402601e+05,1.264680342957259229e-01
1.191231917681687046e+05,1.264512774592231326e-01
1.191240148452435678e+05,1.264596558774745139e-01
1.191248379223184020e+05,1.264596558774745139e-01
1.191256609575468465e+05,1.264680342957259229e-01
1.191264839927752910e+05,1.264764127139773042e-01
1.191273070698501542e+05,1.264847911322287133e-01
1.191281301469249884e+05,1.264680342957259229e-01
1.191289531821534329e+05,1.264512774592231326e-01
1.191297762173818774e+05,1.264596558774745416e-01
1.191305992944567406e+05,1.264680342957259229e-01
1.191314223715315748e+05,1.264764127139773042e-01
1.191322454067600193e+05,1.264847911322287133e-01
1.191330684419884637e+05,1.264847911322287133e-01
1.191338914772169082e+05,1.264931695504801223e-01
1.191347145542917424e+05,1.264764127139773320e-01
1.191355376313666056e+05,1.264596558774745416e-01
1.191363606665950501e+05,1.264680342957259229e-01
1.191371837018234946e+05,1.264680342957259229e-01
1.191380067788983288e+05,1.264764127139773042e-01
1.191388298559731920e+05,1.264847911322287133e-01
1.191396528912016365e+05,1.264847911322287410e-01
1.191404759264300810e+05,1.264931695504801223e-01
1.191412990035049152e+05,1.264764127139773320e-01
1.191421220805797784e+05,1.264596558774745416e-01
1.191429451158082229e+05,1.264680342957259229e-01
1.191437681510366529e+05,1.264680342957259229e-01
1.191445912281115016e+05,1.264764127139773042e-01
1.191454143051863648e+05,1.264847911322287133e-01
1.191462373404148093e+05,1.264847911322287133e-01
1.191470603756432392e+05,1.264680342957259229e-01
1.191478834527180879e+05,1.264764127139773320e-01
1.191487065297929512e+05,1.264847911322287133e-01
1.191495295650213957e+05,1.264847911322287133e-01
1.191503526002498256e+05,1.264931695504801223e-01
1.191511756773246743e+05,1.265015479687315036e-01
1.191519987543995376e+05,1.265015479687315314e-01
1.191528217896279821e+05,1.265099263869829127e-01
1.191536448248564120e+05,1.264931695504801223e-01
1.191544679019312607e+05,1.264847911322287410e-01
1.191552909790061240e+05,1.264931695504801223e-01
1.191561140142345539e+05,1.264931695504801223e-01
1.191569370494629984e+05,1.265015479687315314e-01
1.191577600846914429e+05,1.265099263869829127e-01
1.191585831617662916e+05,1.265099263869829405e-01
1.191594062388411403e+05,1.265183048052343218e-01
1.191602292740695848e+05,1.265015479687315314e-01
1.191610523092980293e+05,1.265099263869829127e-01
1.191618753863728780e+05,1.265183048052343218e-01
1.191626984634477267e+05,1.265183048052342940e-01
1.191635214986761712e+05,1.265266832234857031e-01
1.191643445339046157e+05,1.265099263869829127e-01
1.191651676109794644e+05,1.264847911322287410e-01
1.191659906880543131e+05,1.264680342957259507e-01
1.191668137232827576e+05,1.264596558774745416e-01
1.191676367585111875e+05,1.264680342957259229e-01
1.191684598355860508e+05,1.264680342957259229e-01
1.191692829126608995e+05,1.264764127139773042e-01
1.191701059478893440e+05,1.264596558774745139e-01
1.191709289831177739e+05,1.264428990409717235e-01
1.191717520601926371e+05,1.264428990409717513e-01
1.191725751372674858e+05,1.264261422044689609e-01
1.191733981724959303e+05,1.264345206227203422e-01
1.191742212077243603e+05,1.264428990409717235e-01
1.191750442847992235e+05,1.264428990409717235e-01
1.191758673618740722e+05,1.264512774592231048e-01
1.191766903971025167e+05,1.264596558774745139e-01
1.191775134323309467e+05,1.264847911322287133e-01
1.191783365094058099e+05,1.264680342957259229e-01
1.191791595864806586e+05,1.264512774592231326e-01
1.191799826217090886e+05,1.264596558774745139e-01
1.191808056569375331e+05,1.264428990409717235e-01
1.191816286921659776e+05,1.264680342957259229e-01
1.191824517692408408e+05,1.264764127139773042e-01
1.191832748463156749e+05,1.264596558774745139e-01
1.191840978815441194e+05,1.264596558774745416e-01
1.191849209167725639e+05,1.264428990409717513e-01
1.191857439938474272e+05,1.264345206227203422e-01
1.191865670709222613e+05,1.264428990409717235e-01
1.191873901061507058e+05,1.264512774592231326e-01
1.191882131413791503e+05,1.264764127139773320e-01
1.191890362184540136e+05,1.264596558774745139e-01
1.191898592955288477e+05,1.264847911322287133e-01
1.191906823307572922e+05,1.264680342957259229e-01
1.191915053659857367e+05,1.264512774592231326e-01
1.191923284430605854e+05,1.264596558774745139e-01
1.191931515201354341e+05,1.264680342957259229e-01
1.191939745553638786e+05,1.264680342957259229e-01
1.191947975905923231e+05,1.264512774592231048e-01
1.191956206676671718e+05,1.264345206227203144e-01
1.191964437447420205e+05,1.264596558774745139e-01
1.191972667799704650e+05,1.264428990409717235e-01
1.191980898151989095e+05,1.264261422044689331e-01
1.191989128922737582e+05,1.264345206227203144e-01
1.191997359693486069e+05,1.264177637862175241e-01
1.192005590045770514e+05,1.264428990409717235e-01
1.192013820398054959e+05,1.264512774592231326e-01
1.192022051168803446e+05,1.264345206227203144e-01
1.192030281939551933e+05,1.264596558774745139e-01
1.192038512291836378e+05,1.264428990409717235e-01
1.192046742644120823e+05,1.264261422044689331e-01
1.192054972996405122e+05,1.264345206227203144e-01
1.192063203767153609e+05,1.264428990409717235e-01
1.192071434537902242e+05,1.264261422044689331e-01
1.192079664890186687e+05,1.264093853679661150e-01
1.192087895242470986e+05,1.263926285314633247e-01
1.192096126013219473e+05,1.263758716949605621e-01
1.192104356783968105e+05,1.263591148584577439e-01
1.192112587136252550e+05,1.263674932767091530e-01
1.192120817488536850e+05,1.263758716949605343e-01
1.192129048259285337e+05,1.263842501132119434e-01
1.192137279030033969e+05,1.263674932767091252e-01
1.192145509382318414e+05,1.263507364402063349e-01
1.192153739734602714e+05,1.263591148584577439e-01
1.192161970505351201e+05,1.263423580219549536e-01
1.192170201276099833e+05,1.263507364402063626e-01
1.192178431628384133e+05,1.263172227672007542e-01
1.192186661980668578e+05,1.262837090941951734e-01
1.192194892751417065e+05,1.262753306759437644e-01
1.192203123522165697e+05,1.262250601664353655e-01
1.192211353874449997e+05,1.261999249116811661e-01
1.192219584226734441e+05,1.261999249116811661e-01
1.192227814997482928e+05,1.261580328204241763e-01
1.192236045768231561e+05,1.261412759839213860e-01
1.192244276120515860e+05,1.261077623109157775e-01
1.192252506472800305e+05,1.260993838926643684e-01
1.192260737243548792e+05,1.260910054744129871e-01
